station_name,lat,long
 Sloat Blvd at The Great Highway to 46th Ave,37.7353250708,-122.505314071
10th Ave at E 15th St,37.7927099604,-122.24878491
10th Ave at Irving St,37.7642237418,-122.467377409
10th St at Chestnut St,37.8063553,-122.2860187
10th St at Empire St,37.3494314115,-121.887623973
10th St at Fallon St,37.7976702243,-122.262997545
10th St at Mission St,37.3556926512,-121.892251074
10th St at University Ave,37.8690742472,-122.293421783
11th St at Bryant St,37.7700298913,-122.411728844
11th St at Natoma St,37.7735050292,-122.416033987
13th St at Webster St,37.802688402,-122.269146368
14th Ave at Geary Blvd,37.7803690198,-122.472809265
14th St at Filbert St,37.8087498347,-122.28328228
14th St at Mandela Pkwy,37.8107375057,-122.291423128
14th St at Mission St,37.768228792,-122.420357696
15th St at Potrero Ave,37.767078545,-122.407359852
15th St at Valencia St,37.7665997479,-122.421861684
16th St Mission BART North,37.764838875,-122.420139762
16th St Mission BART South,37.7646848545,-122.419926547
16th St at Prosper St,37.7642844626,-122.431801141
17th Ave at Geary Blvd,37.7807232976,-122.476109628
17th St at Dolores St,37.7630183873,-122.42650405
17th St at Santa Clara St,37.343984678,-121.87438488
17th St at Valencia St,37.7633321246,-122.422060008
18th Ave at California St,37.7851099352,-122.477666424
18th St at Noe St,37.7610492387,-122.43263471
19th St at Florida St,37.7604507617,-122.410789021
19th St at Mission St,37.7602796026,-122.419068618
19th St at William St,37.3384680141,-121.866520643
19th Street BART,37.8093705157,-122.267949204
1st St at Folsom St,37.7872823775,-122.394375692
1st St at Younger Ave,37.3550295823,-121.90443635
20th St at Bryant St,37.7591627684,-122.410046887
20th St at Dolores St,37.7582392195,-122.426095319
2100 Powell St,37.8395430827,-122.298717722
21st Ave at Noriega St,37.7543065893,-122.478593044
21st St at 5th Ave,37.8004603522,-122.247459132
21st St at Valencia St,37.7568845126,-122.420908145
22nd St Caltrain Station,37.7577038448,-122.391885808
22nd St at Dolores St,37.7549807557,-122.425784877
22nd St at Potrero Ave,37.7568082774,-122.405947673
22nd St at Valencia St,37.7552793199,-122.421141743
22nd St at William St,37.3398531,-121.8636494
23rd Ave at Clement St,37.7819309415,-122.482785991
23rd Ave at Foothill Blvd,37.7851915,-122.2343822
23rd St at San Bruno Ave,37.7545219397,-122.404052037
23rd St at Santa Clara St,37.3464802937,-121.868569602
23rd St at Taylor St,37.360001391,-121.878778338
23rd St at Telegraph Ave,37.8125809363,-122.26857312
23rd St at Tennessee St,37.7553692856,-122.388788423
24th Ave at Quintara St,37.7486281223,-122.481541029
24th St BART,37.7519912192,-122.418979694
24th St at Chattanooga St,37.7517449374,-122.426464467
24th St at Market St,37.8160598,-122.2782444
25th Ave at Irving St,37.7634456279,-122.483553721
26th Ave at Clement St,37.7817600515,-122.486026353
26th Ave at International Blvd,37.781123,-122.2329915
26th Ave at Noriega St,37.7540421938,-122.484039729
26th St at Broadway,37.8148199788,-122.264229187
27th St at San Pablo Ave,37.8178861054,-122.275958521
29th St at Church St,37.7436831486,-122.426810822
29th St at Tiffany Ave,37.7440649308,-122.421478577
2nd Ave at E 18th St,37.800210514,-122.253812707
2nd St at Folsom St,37.7851946227,-122.396220996
2nd St at Julian St,37.3411326293,-121.892845182
2nd St at Townsend St,37.7805205106,-122.390289256
30th Ave,37.7708603619,-122.490003652
30th Ave at Noriega St,37.7539298559,-122.488344785
30th St at San Jose Ave,37.7423211375,-122.423153441
32nd St at Adeline St,37.8238474,-122.2811926
34th Ave at Balboa St,37.775682682,-122.494055169
34th St at Telegraph Ave,37.8224675793,-122.265971639
36th Ave at Irving St,37.7629054255,-122.49539174
36th Ave at Kirkham St,37.7588995843,-122.495131294
36th Ave at Spreckels Lake Dr,37.7715849235,-122.495772238
37th Ave at Ortega St,37.7517341776,-122.495600604
37th Ave at Rivera St,37.7461183895,-122.495206518
37th St at West St,37.8266957522,-122.27179479
38th Ave at Balboa St,37.775520273,-122.498496539
3rd St at Keyes St,37.3208795532,-121.876283544
3rd St at King St,37.7778928475,-122.391411006
40th St at Piedmont Ave,37.8257854321,-122.253469795
41st Ave at Irving St,37.7626518375,-122.50077817
43rd Ave at Lawton St,37.7569788498,-122.502545206
45th Ave at Noriega St,37.7528114107,-122.504263403
45th St at MLK Jr Way,37.8335534829,-122.267410119
45th St at Manila,37.8332933038,-122.256221872
47th St at San Pablo Ave,37.8356702993,-122.281123082
48th Ave at Cabrillo St,37.7729539821,-122.509070953
4th Ave at E 12th St,37.7959220313,-122.255539753
4th St at 16th St,37.7670466335,-122.390837121
4th St at Gene Friend Way,37.7688711502,-122.391107116
4th St at Harrison St,37.7815402766,-122.400418611
4th St at Long Bridge St,37.7737520873,-122.39143475
4th St at Mission Bay Blvd S,37.7703144335,-122.391236125
4th St at San Carlos St,37.3327991195,-121.883850792
52nd St at MLK Jr Way,37.8373653902,-122.267652721
53rd St at Hollis St,37.8361838775,-122.287174584
55th St at Telegraph Ave,37.8401836267,-122.261819398
59th St at Horton St,37.8409452,-122.2913604
5th Ave at Anza St,37.7794933458,-122.463144501
5th St at Howard St,37.7813007605,-122.404836623
5th St at San Salvador St,37.3320382815,-121.881765028
5th St at Taylor St,37.3509017927,-121.895842552
5th St at Virginia St,37.3259969706,-121.877119673
62nd St at Claremont Ave,37.8494355,-122.2525406
65th St at Hollis St,37.846783679,-122.29137489
6th Ave at E 12th St,37.7943962642,-122.253840527
7th Ave at Cabrillo St,37.7751210326,-122.464998012
7th Ave at Clement St,37.7824350229,-122.465381414
7th Ave at Irving St,37.7634362586,-122.464065965
7th Ave at Lawton St,37.7587069303,-122.463772776
7th St at Empire St,37.3477119818,-121.890553236
7th St at King St,37.77123236,-122.400889585
8th Ave at JFK Dr,37.7729078293,-122.465931311
8th St at Brannan St,37.7714344973,-122.405786838
8th St at Hooper St,37.7672534686,-122.400324816
8th St at Ringold St,37.7745099816,-122.409462494
9th Ave at Geary Blvd,37.7818364377,-122.467636282
9th St at San Fernando St,37.3383952,-121.8807965
Addison St at California St,37.8697270347,-122.279385073
Addison St at Fourth St,37.8662503307,-122.299364316
Adeline St at 40th St,37.8312648159,-122.278274397
Alameda St at Henry Adams St,37.7685456876,-122.404231642
Alamo Square,37.777561113,-122.433274304
Alcatraz Ave at Shattuck Ave,37.8495939159,-122.265571503
Alemany Blvd at Francis St,37.7273951,-122.4354739
Alemany Blvd at Ocean Ave,37.7232659985,-122.437825276
Alemany Blvd at Silver Ave,37.7301724103,-122.43290493
Allyne Park,37.7972478223,-122.427463212
Almaden Blvd at Balbach St,37.3268469992,-121.889200744
Almaden Blvd at San Fernando St,37.331415,-121.8932
Anza St at 19th Ave,37.7785565565,-122.477989155
Anza St at Collins St,37.7806774978,-122.450042409
Arguello Blvd at Edward St,37.7784940291,-122.458644083
Arguello Blvd at Geary Blvd,37.7814711556,-122.458803419
Arlington St at Roanoke St,37.734964615,-122.429774234
Asbury St at The Alameda,37.3380223131,-121.919478178
Ashby BART,37.8524773249,-122.270213185
Ashton Ave at Holloway Ave,37.7216198962,-122.462328128
Autumn Parkway at Coleman Ave,37.3413343196,-121.903184002
Auzerais Ave at Lincoln Ave,37.3209685315,-121.908296049
Auzerais Ave at Los Gatos Creek Trail,37.3211818343,-121.903089881
Backesto Park,37.3528868273,-121.886049807
Balboa Park,37.7248823168,-122.443251953
Balboa Park BART,37.7228186,-122.447239089
Balboa Park BART 2,37.7206319015,-122.447547786
Bancroft Way at College Ave,37.8693944219,-122.254330195
Bancroft Way at Telegraph Ave,37.868910888,-122.258785879
Battery St at Filbert St,37.8020533618,-122.40171535
Bay Pl at Vernon St,37.8122470552,-122.260718073
Bay St at Fillmore St,37.802663642,-122.436033767
Bay Street Plaza,37.8345741081,-122.29206176
Beale St at Harrison St,37.787938979,-122.391809794
Berkeley Civic Center,37.8690601656,-122.270558805
Berry St at 4th St,37.7759920038,-122.393008855
Berry St at King St,37.7717721121,-122.398427401
Berryessa BART,37.365086278,-121.871619636
Bestor Art Park,37.3236779,-121.8741186
Bird Ave at Coe Ave,37.31515793,-121.897832751
Bird Ave at Willow St,37.3112754664,-121.89631958
Bond St at High St,37.7741525643,-122.212398201
Bowling Green,37.7687390306,-122.459429799
Brannan St at 4th St,37.7779357633,-122.396970692
Brannan St at 7th St,37.7724400741,-122.403922445
Brannan St at Colin P Kelly Jr St,37.7822568186,-122.391480732
Brannan St at Harriet St,37.7742570142,-122.40184734
Brazil Ave at La Grande Ave,37.7202308778,-122.425286954
Brighton Ave at Ocean Ave,37.7234279509,-122.455102916
Broadway at 30th St,37.8193814,-122.2619284
Broadway at 40th St,37.8277602934,-122.256714964
Broadway at Battery St,37.7985737924,-122.400869004
Broadway at Coronado Ave,37.8357883,-122.2516207
Broadway at Kearny St,37.7980024257,-122.40595129
Brockhurst St at San Pablo Ave,37.823523555,-122.277188133
Broderick St at Oak St,37.773068229,-122.439083316
Brooklyn Basin,37.7874402763,-122.255553612
Bryant St at 2nd St,37.7831825587,-122.393380015
Bryant St at 6th St,37.7758336575,-122.402690741
Buchanan St at Lombard St,37.8004993291,-122.43276284
Buchanan St at North Point St,37.8044323945,-122.433522523
Bush St at Leavenworth St,37.7894229515,-122.41517495
Bushrod Park,37.8465153937,-122.265304067
Byxbee St at Shields St,37.717792,-122.469903
Cahill Park,37.3291185149,-121.904577464
Cambon Dr at Castelo Ave,37.7176850856,-122.474317755
Carl St at Cole St,37.7659487221,-122.449227287
Carroll Ave at 3rd St,37.725372,-122.393954
Castro St at Jersey St,37.7507278882,-122.434019476
Cesar Chavez St at Dolores St,37.74785516,-122.424991415
Chain O' Lakes,37.76781983,-122.5018675
Channing Way at San Pablo Ave,37.8628151947,-122.290306004
Channing Way at Shattuck Ave,37.8658474121,-122.267440848
Chestnut St at Van Ness Ave,37.8023011498,-122.424414353
China Basin St at 3rd St,37.7720030407,-122.389978096
Church St at Duboce Ave,37.7698175424,-122.429147934
Civic Center BART,37.7810735388,-122.41173625
Clay St at Battery St,37.7950010644,-122.399971915
Clay St at Lyon St,37.7892820184,-122.44507188
Clement St at 32nd Ave,37.7817220466,-122.492843363
College Ave at Alcatraz Ave,37.8513755551,-122.252522935
College Ave at Bryant Ave,37.8381349029,-122.251270658
College Ave at Taft Ave,37.8417999,-122.2515349
Columbia Ave at Bird Ave,37.3241259512,-121.899719685
Commercial St at Montgomery St,37.7942439373,-122.402854477
Cortland Ave at Wool St,37.7390840821,-122.417312829
Crissy Field Overlook,37.8043395357,-122.469771823
Crocker-Amazon Playground,37.7131865638,-122.433406315
Cruise Terminal at Pier 27,37.804645621,-122.402083702
Cyril Magnin St at Ellis St,37.7858731644,-122.408914768
Daly City BART,37.7078260809,-122.468035587
Davis St at Jackson St,37.7972805876,-122.398436761
DeFremery Park,37.8123315,-122.2851712
Delancey St at Brannan St,37.7838410085,-122.390023781
Delano Ave at Oneida Ave,37.7223894956,-122.443799776
Delmas Ave and San Fernando St,37.3302609061,-121.897699073
Delmas Ave at Virginia St,37.3199879862,-121.893220437
Derby St at College Ave,37.8617595525,-122.253677266
Detroit St at Hearst Ave,37.7306514998,-122.444306116
Devine St at San Pedro St,37.3386689378,-121.895647366
Divisadero St at Clay St,37.7895904621,-122.440681966
Divisadero St at Lombard St,37.7991808367,-122.442732693
Division St at Potrero Ave,37.7692631805,-122.407053279
Dolores St at 15th St,37.7661010888,-122.426659291
Dover St at 57th St,37.8426295,-122.267738
Downtown Berkeley BART,37.8701397875,-122.268422144
Doyle St at 59th St,37.8419238,-122.2880451
Drumm St at Market St,37.7935281148,-122.396470437
Duboce Park,37.7690497792,-122.433591153
Egbert Ave at Jennings St,37.7226040158,-122.392279083
El Embarcadero at Grand Ave,37.8087153418,-122.2492518
Ellis St at Pierce St,37.7819885112,-122.435745962
Ellsworth St at Russell St,37.8576077043,-122.261604856
Embarcadero BART,37.7922434016,-122.397092135
Emeryville Public Market,37.8405131918,-122.293531799
Emeryville Town Hall,37.831274817,-122.285632182
Empire St at 1st St,37.3448821,-121.8969655
Esprit Park,37.7616332222,-122.390658746
Eucalyptus Dr at 20th Ave,37.7310846783,-122.476163041
Euclid Ave at Hearst Ave,37.875320863,-122.260156228
Eureka Valley Recreation Center,37.7592118481,-122.436797664
Evans Ave at Mendell St,37.7400484203,-122.383437299
Evans Ave at Newhall St,37.7420831496,-122.386611698
Farnam St at Fruitvale Ave,37.778058,-122.2254
Father Alfred E Boeddeker Park,37.7840779338,-122.411926232
Fell St at Clayton St,37.7725643193,-122.448902736
Fell St at Stanyan St,37.7719503995,-122.453719737
Fifth St at Delaware St,37.8704090206,-122.299677256
Fillmore St at Jefferson St,37.8053688313,-122.437259146
Firmware Test Charging Internal Howard ,37.7746,-122.414
Folsom St at 13th St,37.7702832419,-122.415458636
Folsom St at 15th St,37.7670398568,-122.415443901
Folsom St at 19th St,37.7605973794,-122.414816517
Folsom St at Main St,37.7890782296,-122.392179299
Font Blvd at Arballo Dr,37.722001,-122.482735
Foothill Blvd at Fruitvale Ave,37.7837569,-122.2226033
Foothill Blvd at Harrington Ave,37.77993,-122.2177284
Forest Hill Muni Station,37.7481741275,-122.459198949
Fountain Alley at S 2nd St,37.3361877298,-121.889277297
Francisco St at Columbus Ave,37.8044536189,-122.415790249
Frank H Ogawa Plaza,37.804562539,-122.271736314
Franklin Square,37.7645426971,-122.410348265
Franklin St at 13th St,37.8030301927,-122.270497057
Franklin St at 9th St,37.8005161,-122.2720799
Frederick St at Arguello Blvd,37.7657888087,-122.457621112
Frida Kahlo Way at Cloud Cir,37.7254771918,-122.452286474
Front St at California St,37.7930964344,-122.398824999
Fruitvale BART,37.7752394688,-122.224514392
Fulton St at Ashby Ave,37.8555720406,-122.263564639
Fulton St at Bancroft Way,37.8681355419,-122.265936774
Fulton St at Laguna St,37.7783417188,-122.426377922
Funston Ave at Clement St,37.7824405813,-122.471986918
Funston Ave at Fulton St,37.773582529,-122.471355405
Funston Ave at Irving St,37.7639385772,-122.470652164
Garfield Square,37.7509456261,-122.412083388
Gennessee St at Monterey Blvd,37.73165669,-122.451121509
Genoa St at 55th St,37.8396492071,-122.27175682
George St at 1st St,37.3475925744,-121.899662018
Gish Rd at 1st St,37.3618710897,-121.909308907
Glen Park BART,37.7328144074,-122.434140735
Goettingen St at Bacon St,37.7269988305,-122.406614723
Golden Gate Ave at Franklin St,37.7808099535,-122.421904189
Golden Gate Ave at Polk St,37.7813619277,-122.418527064
Grand Ave at Perkins St,37.8088943438,-122.256464525
Grand Ave at Santa Clara Ave,37.812744938,-122.247216654
Grand Ave at Webster St,37.8113758021,-122.265189423
Grant Ave at Sutter St,37.7897149411,-122.405481148
Great Highway at Balboa St,37.7752129235,-122.511207791
Great Highway at Judah St,37.760522275,-122.509508501
Great Highway at Noriega St,37.7530052023,-122.508540405
Great Highway at Taraval St,37.7418501007,-122.507059235
Green St at Van Ness Ave,37.7976330852,-122.423523204
Greenwich St at Franklin St,37.80028418,-122.425788425
Greenwich St at Webster St,37.799206366,-122.434117551
Grove St at Divisadero,37.7759412873,-122.437799035
Grove St at Gough St,37.7778790404,-122.422945282
Grove St at Masonic Ave,37.774806265,-122.446644372
Guerrero Park,37.7457471547,-122.42214242
Haight St at Lyon St,37.7705467564,-122.442329515
Harmon St at Adeline St,37.8497349373,-122.270583161
Harrison St at 14th St,37.7688078199,-122.413500888
Harrison St at 17th St,37.7638359376,-122.413007295
Harrison St at 20th St,37.7588626628,-122.412547514
Haste St at College Ave,37.8664179405,-122.253799438
Haste St at Telegraph Ave,37.8660423977,-122.258805669
Hellman Hollow,37.7699200218,-122.484600252
Heron's Head Park,37.7403269649,-122.376777677
Holloway Ave at Arellano Ave,37.72095,-122.478859
Horton St at 40th St,37.8297058426,-122.287613537
Hospital St at Mariposa St,37.7647817043,-122.390897411
Howard Internal Monolith,37.7746,-122.414
Howard St at 2nd St,37.7864663369,-122.39870818
Howard St at 6th St,37.780260841,-122.406640843
Howard St at 8th St,37.776520171,-122.411299162
Howard St at Beale St,37.7902975916,-122.39387348
Howard St at Grace St,37.7744829915,-122.413911937
Hubbell St at 16th St,37.7665946508,-122.398197679
Hudson Ave at 3rd St,37.7405887318,-122.389088667
Hyde St at Post St,37.7870870878,-122.416694271
Illinois St at 16th St,37.7666748204,-122.388187544
Illinois St at 20th St,37.7603443738,-122.387448308
Illinois St at Cesar Chavez St,37.7501648632,-122.386539801
In Chan Kaajal Park,37.7637350779,-122.415524322
Indiana St at Cesar Chavez St,37.7504348166,-122.390446743
Irving St at 17th Ave,37.7637216418,-122.47536749
Irving St at 21st Ave,37.763526966,-122.479494376
Isabella St at San Pablo Ave,37.8149889008,-122.274848181
JFK Dr at Great Highway,37.7704792623,-122.510593788
Jack London Square,37.7962493106,-122.279355796
Jackson Playground,37.7650571621,-122.399000661
Jackson St at 11th St,37.8000073316,-122.266429103
Jackson St at 5th St,37.3487586867,-121.894797832
Jackson St at Polk St,37.7941571135,-122.421582768
Jackson St at Sansome St,37.7967171028,-122.401645448
Jefferson St at 14th St,37.8052072083,-122.275154954
Jennings St at Revere Ave,37.7293911447,-122.386539976
Jerrold Ave at 3rd St,37.7389006445,-122.389524579
Jones St at Post St,37.7873176409,-122.413287955
Judson Ave at Gennessee St,37.7282961125,-122.451712633
Julian St at 6th St,37.3429973,-121.8888891
Julian St at The Alameda,37.3322326,-121.9125165
Junipero Serra Blvd at Ocean Ave,37.7313998496,-122.472202391
Kearny St at Bush St,37.7909646901,-122.404191974
Kerley Dr at Rosemary St,37.3608541553,-121.906834245
Koshland Park,37.7734448958,-122.42715433
La Playa St at Lincoln Way,37.7638727185,-122.509526132
Lafayette Park,37.7919651564,-122.429314972
Laguna Honda Hospital,37.7489549296,-122.457081619
Laguna St at Hayes St,37.7762480491,-122.426204761
Lake Merritt BART,37.7973199065,-122.265321612
Lakeshore Ave at Trestle Glen Rd,37.8110807,-122.2432677
Lakeside Dr at 14th St,37.801319602,-122.262640986
Lakewood Ave at Ocean Ave,37.7262963182,-122.464417253
Lane St at Revere Ave,37.7319214246,-122.389886841
Larkin St at California St,37.7905871018,-122.418938436
Laurel St at California St,37.7866148942,-122.450050259
Leavenworth St at Broadway,37.7964635378,-122.416859862
Lincoln Blvd at Bowley St,37.7920636137,-122.481209173
Lincoln Blvd at Graham St,37.8017506534,-122.456362117
Lincoln Blvd at Hoffman St,37.8060670746,-122.47028703
Lloyd Lake,37.7699520542,-122.48165689
Locust St at Grant St,37.3229796,-121.8879312
Lombard St at Columbus Ave,37.8027699028,-122.413274876
London St at Geneva Ave,37.7161627391,-122.440105891
Lyon St at Fell St,37.7735687916,-122.442573566
Lyon St at Lombard St,37.7981950892,-122.447412667
MLK Dr at 7th Ave,37.7666123094,-122.464210982
MLK Jr Way at 27th St,37.8173502569,-122.271478506
MLK Jr Way at University Ave,37.8717192407,-122.27306791
Mabini St at Folsom St,37.7824202449,-122.40020127
MacArthur Ave at Fernandez St,37.796592338,-122.455687402
MacArthur BART,37.828594849,-122.266349663
MacArthur Blvd at Telegraph Ave,37.8262808859,-122.265095918
Madison St at 17th St,37.8040364678,-122.262409324
Main St at Market St,37.7928409637,-122.396319629
Mandela Parkway at W Grand Ave,37.815778523,-122.289473997
Market St at 10th St,37.7766270335,-122.417374075
Market St at 40th St,37.8305415064,-122.273936363
Market St at 45th St,37.8341732975,-122.272967879
Market St at Dolores St,37.7692454406,-122.426964166
Market St at Franklin St,37.7738037064,-122.421220059
Market St at Steuart St,37.7945257729,-122.394879966
Marston Campbell Park,37.8098236,-122.2801923
Mason St at Bay St,37.8054516687,-122.413664859
Mason St at Halleck St,37.8039683844,-122.45507974
Masonic Ave at Turk St,37.7790582499,-122.44729458
McAllister St at Arguello Blvd,37.7753288706,-122.45810422
McAllister St at Baker St,37.777388041,-122.441956467
McCoppin St at Valencia St,37.7716813689,-122.422303564
McKinnon Ave at 3rd St,37.7362958722,-122.389969826
Mechanics Monument Plaza,37.7913040012,-122.399044921
Mercado Way at Sierra Rd,37.3711198568,-121.881326844
Metro Dr at Technology Dr,37.3676845339,-121.918792044
Miles Ave at Cavour St,37.8388004654,-122.25873202
Milvia St at Derby St,37.860135781,-122.269386692
Minnesota St Depot (Outgoing),37.7548560559,-122.389733791
Mint St at Mission St,37.7822831766,-122.407319241
Mission Bay Kids Park,37.772305094,-122.393016572
Mission Dolores Park,37.7614198456,-122.426439334
Mission Playground,37.7590257333,-122.421450455
Mission St at 1st St,37.3509643,-121.9020161
Mississippi St at 17th St,37.7647940248,-122.394764665
Montgomery St at Pacific Ave,37.7971763771,-122.403627311
Mosswood Park,37.8248921791,-122.260435912
Myrtle St at Polk St,37.7854795115,-122.419344986
N 14th St at E Santa Clara St,37.3426625921,-121.877292395
N Morrison Ave at W Julian St,37.3336776186,-121.908618308
Natoma St at New Montgomery St,37.7864651524,-122.399749139
Newbury Park Dr at King Rd,37.3655356586,-121.867966354
Ninth St at Heinz Ave,37.8529973915,-122.289446671
Ninth St at Parker St,37.8588682,-122.2912095
North Berkeley BART,37.8738556998,-122.282988324
North Point St at Grant Ave,37.8071713553,-122.409273024
North Point St at Polk St,37.8054393818,-122.423123663
North Point St at Powell St,37.8069285865,-122.41153268
O'Farrell St at Divisadero St,37.7824048309,-122.439467941
O'Farrell St at Masonic Ave,37.781133318,-122.44736879
Oak St at 1st St,37.3221246254,-121.881090403
Oakdale Ave at Phelps St,37.7370411363,-122.394498919
Ocean Ave West: To Fairfield Way,37.7249138,-122.4614828
Ocean Avenue East: to Plymouth Ave,37.7244072,-122.4587692
Octavia Blvd at Page St,37.7740268131,-122.423828107
Oregon St at Adeline St,37.8575675942,-122.267557011
Ortega St at 40th Ave,37.7514670081,-122.498554459
Otis St at Brady St,37.7722180431,-122.419962982
Page St at Masonic Ave,37.7711382478,-122.445334876
Page St at Scott St,37.7723560107,-122.435854773
Palm St at Willow St,37.3172979,-121.884995
Park Ave at Laurel Grove Ln,37.3262823241,-121.904911101
Park Ave at Race St,37.3260108479,-121.912327409
Parker Ave at McAllister St,37.7761085928,-122.45309747
Parker St at Fulton St,37.8624644861,-122.264788129
Parkmoor Ave at Race St,37.3167415292,-121.909991396
Parque Ninos Unidos,37.7543389444,-122.41324291
Paseo De San Antonio at 2nd St,37.3337985404,-121.886944476
Piedmont Ave at MacArthur Blvd,37.8231432226,-122.256950573
Pier 1/2 at The Embarcadero,37.7963886724,-122.394583831
Pierce Ave at Market St,37.3275807521,-121.884559542
Pierce St at Haight St,37.7718130578,-122.433706307
Pine St at Market St,37.7924642003,-122.397924691
Polk St at Bush St,37.7884721794,-122.420329959
Polk St at Post St,37.7870021707,-122.420048339
Pompei Circle at JFK Dr,37.7716930656,-122.458283479
Post St at Baker St,37.7839757668,-122.442871407
Post St at Divisadero St,37.7844159368,-122.439365445
Post St at Kearny St,37.7889723574,-122.403450365
Post St at Webster St,37.7853895488,-122.431772238
Potrero Ave at Mariposa St,37.7632970474,-122.407383919
Potrero del Sol Park,37.7517676709,-122.405244408
Powell St BART North,37.7861400436,-122.405232666
Powell St BART South,37.7838941028,-122.408440754
Powell St at Columbus Ave,37.8004928951,-122.410886458
Powell St at Green St,37.7991431585,-122.410687014
Precita Park,37.7472995097,-122.411403169
Quesada Ave at 3rd St,37.7330928099,-122.390972972
Quintara St at Great Highway,37.7473286242,-122.507531067
Raimondi Park,37.8149311832,-122.292953429
Randall St at Chenery St,37.7398314826,-122.425755973
Raymond Bernal Jr Memorial Park,37.3568343528,-121.895935759
Raymond Kimbell Playground,37.7838030563,-122.434530004
Rhode Island St at 17th St,37.7644739193,-122.402570756
Rockridge BART,37.8442788326,-122.251900526
Russell St at College Ave,37.8584729857,-122.253254244
Russia Ave at Madrid St,37.720038,-122.433823
Ryland Park,37.3427246788,-121.895617934
S Van Ness Ave at Market St,37.7748080513,-122.41897032
SAP Center,37.3326999915,-121.900088655
SF Depot-2 (Minnesota St Incoming),37.754849694,-122.389733791
SFSU Park East,37.7256036687,-122.476561142
SFSU Park West,37.726266,-122.479462
Saint James Park,37.339301,-121.889937
Saint James St at 9th St,37.343203978,-121.884393916
Saint Joseph's Ave at Geary Blvd,37.7825644629,-122.442186854
Salesforce Transit Center,37.7874914256,-122.398285652
San Antonio Park,37.7901398519,-122.242373228
San Carlos St at 11th St,37.3364653103,-121.876615972
San Carlos St at Market St,37.3307001009,-121.888977163
San Carlos St at Meridian Ave,37.3233446906,-121.913496852
San Fernando St at 4th St,37.3358848787,-121.885660094
San Fernando St at 7th St,37.3371221981,-121.883215143
San Francisco Caltrain Station - 4th St,37.7764570285,-122.394378109
San Francisco Caltrain Station - King St,37.7763117788,-122.394494363
San Francisco Caltrain Station - Townsend St,37.7766011041,-122.395281232
San Francisco City Hall,37.7788311417,-122.418158209
San Francisco Ferry Building,37.7953852749,-122.394203919
San Francisco Public Library,37.7787946599,-122.415960136
San Jose City Hall,37.337391487,-121.886995335
San Jose Diridon Station,37.3297319894,-121.901781982
San Pablo Ave at MLK Jr Way,37.8113477323,-122.27342058
San Pablo Park,37.855784789,-122.283127649
San Pedro Square,37.3368027414,-121.894090158
San Pedro St at Hedding St,37.352601,-121.905733
San Salvador St at 9th St,37.333955,-121.877349
Sanchez St at 15th St,37.7662202119,-122.431062957
Sanchez St at 17th St,37.7632472111,-122.430679428
Sanchez St at 24th St,37.7517151958,-122.429649666
Sansome St at Sutter St,37.790541694,-122.400601812
Santa Clara St at 7th St,37.3391450738,-121.884104527
Santa Clara St at Almaden Blvd,37.3339879014,-121.894901298
Scott St at California St,37.7880490231,-122.438811074
Scott St at Golden Gate Ave,37.7791173844,-122.436872925
Second St at Oak St,37.7928311623,-122.268276604
Shattuck Ave at 55th St,37.8403643,-122.2644881
Shattuck Ave at Hearst Ave,37.8736762146,-122.268487215
Shattuck Ave at Telegraph Ave,37.8335385137,-122.263693704
Skyport Dr at Technology Dr,37.3652362796,-121.91679277
Snow Park,37.8078064809,-122.264497829
Sonora Ave at 1st St,37.3640604623,-121.911731958
South Lake,37.7648749356,-122.500503996
South Park St at 2nd St,37.7823567216,-122.393129778
South Park St at 3rd St,37.7807645726,-122.394983189
South San Jose State,37.3203158211,-121.87009871
Spear St at Folsom St,37.7896228705,-122.390340196
Spruce St at California St,37.7865911071,-122.453416996
Stanford Ave at Hollis St,37.8384518344,-122.288640309
Stanyan St at Geary Blvd,37.780944917,-122.456302098
Steiner St at California St,37.7885640244,-122.43539945
Stockton Ave at Lenzen Ave,37.3367747628,-121.909148991
Stowe Lake,37.7709362777,-122.477116695
Sunol St at San Carlos St,37.3234507316,-121.905976458
Sutter St at Montgomery St,37.7900414456,-122.401983562
Sutter St at Taylor St,37.7887356146,-122.41215262
Taraval St at 22nd St,37.7430064769,-122.479355962
Taraval St at 27th Ave to 25th Ave,37.7426774467,-122.483421187
Taraval St: 41st St to 40th St,37.74208613,-122.498523733
Taylor St at 9th St,37.3530665656,-121.89194049
Taylor St at Columbus Ave,37.803302339,-122.414883704
Tehama St at 1st St,37.7880361852,-122.395628562
Telegraph Ave at 19th St,37.8087018148,-122.26992775
Telegraph Ave at 27th St,37.816073115,-122.2678864
Telegraph Ave at 49th St,37.83575,-122.262654
Telegraph Ave at 58th St,37.8444948418,-122.261353807
Telegraph Ave at Alcatraz Ave,37.8502162352,-122.260178314
Telegraph Ave at Ashby Ave,37.855954689,-122.259796424
Telegraph Ave at Carleton St,37.8623109851,-122.258801322
Terry Francois Blvd at Mission Bay Blvd N,37.7717648041,-122.386688841
Terry Francois Blvd at Warriors Way,37.7691035995,-122.386330521
The Alameda at Bush St,37.3319323,-121.9048882
The Embarcadero at Bryant St,37.7873312216,-122.388109672
The Embarcadero at Pier 38,37.7829366197,-122.387925168
The Embarcadero at Sansome St,37.8047709588,-122.403235704
The Embarcadero at Steuart St,37.791404835,-122.391037549
The Embarcadero at Vallejo St,37.7999523699,-122.398524629
Toland St at Jerrold Ave,37.7438686991,-122.398875073
Torney Ave at Lincoln Blvd,37.7996763919,-122.45259907
Townsend St at 5th St,37.7752320411,-122.397441659
Townsend St at 6th St,37.773235351,-122.399999542
Townsend St at 7th St,37.7710583893,-122.402715984
Turk Blvd at Stanyan St,37.7776087128,-122.454619982
Turk St at Fillmore St,37.7804633106,-122.431923294
Union Square,37.7883068606,-122.408526976
University Ave at Oxford St,37.8723547721,-122.266447544
Valencia St at 24th St,37.7524367698,-122.42063109
Valencia St at Clinton Park,37.7690096294,-122.422249201
Valencia St at Duncan St,37.7469071044,-122.420099414
Vicente St at 26th Ave,37.7389303152,-122.483151741
Victoria Manalo Draves Park,37.7776959417,-122.406300829
Vincente St at Great Hwy,37.7380013,-122.5062969
Vine St at Shattuck Ave,37.880222595,-122.269595001
Virginia St at Shattuck Ave,37.8765724359,-122.269528503
Waller St at Shrader St,37.7683864107,-122.451966205
Washington St at 8th St,37.8007547965,-122.274893683
Washington St at Kearny St,37.7953998076,-122.404688752
Washington St at Van Ness Ave,37.7929797756,-122.423312708
Webster St at 19th St,37.8069738896,-122.266586854
Webster St at 2nd St,37.7951957279,-122.273969364
Webster St at Clay St,37.7907937497,-122.432589052
Webster St at Grove St,37.7770686885,-122.429562842
Webster St at O'Farrell St,37.7835128137,-122.431155776
Webster St at Union St,37.7974411574,-122.43398771
West Crissy Field,37.8038266095,-122.467710085
West Oakland BART,37.8051900496,-122.294618338
West Portal: 15th to Ulloa East,37.7405309565,-122.46635158
West St at 40th St,37.8302256721,-122.270949157
West St at Brockhurst St,37.822685326,-122.272924963
West St at University Ave,37.8699667076,-122.286533117
William St at 10th St,37.3327938,-121.8759263
Williams Ave at 3rd St,37.7292786517,-122.392896116
Williams Ave at Apollo St,37.730079332,-122.3988057
Willow Park,37.8123625496,-122.296096294
Willow St at Blewett Ave,37.3090180569,-121.900004931
Willow St at Vine St,37.3184498,-121.8831724
Woolsey St at Sacramento St,37.8505794101,-122.278172948
Yerba Buena Center for the Arts,37.7848718438,-122.400876529
nan,37.7715805596,-122.416348159
